/*
Navicat MySQL Data Transfer

Source Server         : wamp-mysql
Source Server Version : 50714
Source Host           : localhost:3306
Source Database       : libsysdb

Target Server Type    : MYSQL
Target Server Version : 50714
File Encoding         : 65001

Date: 2017-05-31 13:59:40
*/

SET FOREIGN_KEY_CHECKS=0;

-- ----------------------------
-- Table structure for `t_sys_member`
-- ----------------------------
DROP TABLE IF EXISTS `t_sys_member`;
CREATE TABLE `t_sys_member` (
  `user_id` mediumint(8) unsigned NOT NULL AUTO_INCREMENT,
  `username` char(100) NOT NULL,
  `password` char(32) NOT NULL,
  `email` char(50) DEFAULT '',
  `group_id` tinyint(3) unsigned DEFAULT '0',
  `is_choose_type` tinyint(1) unsigned DEFAULT '0',
  `open_id` varchar(100) DEFAULT NULL,
  `avatar` varchar(50) DEFAULT NULL,
  `reg_ip` char(15) DEFAULT NULL,
  `reg_time` datetime DEFAULT NULL,
  `last_login_ip` char(15) DEFAULT NULL,
  `last_login_time` datetime DEFAULT NULL,
  `encrypt` varchar(50) DEFAULT NULL,
  `is_lock` tinyint(1) DEFAULT '0',
  `fullname` varchar(50) DEFAULT NULL,
  `qq` varchar(50) DEFAULT NULL,
  `weixin` varchar(50) DEFAULT NULL,
  `is_seller` tinyint(1) DEFAULT '0',
  `created` datetime DEFAULT NULL,
  `modified` datetime DEFAULT NULL,
  `is_email_validate` tinyint(1) DEFAULT '0',
  `is_mobile_validate` tinyint(1) DEFAULT '0',
  `mobile` varchar(50) DEFAULT NULL,
  `sex` varchar(2) DEFAULT '0',
  `birthday` date DEFAULT NULL,
  `province_code` varchar(10) DEFAULT NULL,
  `city_code` varchar(10) DEFAULT NULL,
  `district_code` varchar(10) DEFAULT NULL,
  PRIMARY KEY (`user_id`),
  UNIQUE KEY `username` (`username`(15)),
  KEY `email` (`email`),
  KEY `groupID` (`group_id`)
) ENGINE=MyISAM AUTO_INCREMENT=7 DEFAULT CHARSET=utf8;

-- ----------------------------
-- Records of t_sys_member
-- ----------------------------
INSERT INTO `t_sys_member` VALUES ('1', 'admin', 'fb469d7ef430b0baf0cab6c436e70375', 'panxiaojun@jtu.edu.cn', '1', '0', null, 'aci.jpg', null, null, '::1', '2017-05-31 02:37:13', null, '0', '潘小熊', '5516448', 'dawang', '1', '2015-03-05 18:12:00', '2015-03-10 22:31:19', '1', '1', '13099999999', '男', '1985-10-21', '310000', '310100', '310118');
INSERT INTO `t_sys_member` VALUES ('2', 'xiaoer', 'f1c0334807a3a51724850170326d3b6e', 'lyhuc@163.com', '2', '0', null, 'nopic.gif', '::1', null, '::1', null, 'wOxmG', '1', '小二', null, null, '0', null, null, '0', '0', '13099999999', '0', null, null, null, null);
INSERT INTO `t_sys_member` VALUES ('5', 'libadmin', '5a9e37955a5ad4fc38aa0ebf57c13e47', 'libadmin@jtu.edu.cn', '2', '0', null, 'nopic.gif', '::1', '2017-05-19 14:10:23', '::1', '2017-05-19 14:10:50', 'CZlhq', '0', '张馆长', null, null, '0', null, null, '0', '0', '13511123456', '0', null, null, null, null);
INSERT INTO `t_sys_member` VALUES ('6', 'student.pan', '6521fb46d5e23d012893cec2bc5e1c05', 'student.pan@jtu.edu.cn', '3', '0', null, 'nopic.gif', '::1', '2017-05-20 00:35:21', null, null, 'RT3eG', '0', '流川枫', null, null, '0', null, null, '0', '0', '13512346987', '0', null, null, null, null);

-- ----------------------------
-- Table structure for `t_sys_member_role`
-- ----------------------------
DROP TABLE IF EXISTS `t_sys_member_role`;
CREATE TABLE `t_sys_member_role` (
  `role_id` int(10) unsigned NOT NULL AUTO_INCREMENT COMMENT '组ID',
  `role_name` varchar(45) NOT NULL DEFAULT '' COMMENT '组名',
  `type_id` int(10) unsigned NOT NULL DEFAULT '0' COMMENT '保留',
  `listorder` int(10) unsigned NOT NULL DEFAULT '0' COMMENT '排序',
  `description` varchar(200) DEFAULT NULL COMMENT '描述',
  `parent_id` smallint(4) DEFAULT '0',
  `arr_childid` varchar(255) DEFAULT NULL,
  `auto_choose` tinyint(1) NOT NULL DEFAULT '1',
  `arr_userid` varchar(255) DEFAULT NULL,
  PRIMARY KEY (`role_id`)
) ENGINE=MyISAM AUTO_INCREMENT=4 DEFAULT CHARSET=utf8 ROW_FORMAT=FIXED;

-- ----------------------------
-- Records of t_sys_member_role
-- ----------------------------
INSERT INTO `t_sys_member_role` VALUES ('1', '超级管理员', '0', '0', '超级管理员', '0', null, '1', null);
INSERT INTO `t_sys_member_role` VALUES ('2', '图书管理员', '0', '0', '图书管理员', '0', null, '1', null);
INSERT INTO `t_sys_member_role` VALUES ('3', '读者', '0', '0', '读者', '0', null, '1', null);

-- ----------------------------
-- Table structure for `t_sys_member_role_priv`
-- ----------------------------
DROP TABLE IF EXISTS `t_sys_member_role_priv`;
CREATE TABLE `t_sys_member_role_priv` (
  `role_id` tinyint(3) unsigned NOT NULL DEFAULT '0',
  `folder` varchar(50) NOT NULL DEFAULT '',
  `controller` varchar(50) NOT NULL DEFAULT '',
  `method` varchar(50) NOT NULL DEFAULT '',
  `data` varchar(50) NOT NULL DEFAULT '',
  `priv_id` int(10) unsigned NOT NULL AUTO_INCREMENT,
  `menu_id` int(11) DEFAULT '0',
  PRIMARY KEY (`priv_id`),
  KEY `role_id` (`role_id`,`folder`,`controller`,`method`)
) ENGINE=MyISAM AUTO_INCREMENT=76 DEFAULT CHARSET=utf8;

-- ----------------------------
-- Records of t_sys_member_role_priv
-- ----------------------------
INSERT INTO `t_sys_member_role_priv` VALUES ('2', 'adminpanel', 'bookadmin', 'index', '', '68', '43');
INSERT INTO `t_sys_member_role_priv` VALUES ('2', 'adminpanel', 'manage', 'go_42', '', '67', '42');
INSERT INTO `t_sys_member_role_priv` VALUES ('2', 'adminpanel', 'manage', 'logout', '', '66', '8');
INSERT INTO `t_sys_member_role_priv` VALUES ('2', 'adminpanel', 'profile', 'change_pwd', '', '65', '7');
INSERT INTO `t_sys_member_role_priv` VALUES ('2', 'adminpanel', 'manage', 'index', '', '64', '6');
INSERT INTO `t_sys_member_role_priv` VALUES ('2', 'adminpanel', 'manage', 'go_5', '', '63', '5');
INSERT INTO `t_sys_member_role_priv` VALUES ('2', 'adminpanel', 'manage', 'go_4', '', '62', '4');
INSERT INTO `t_sys_member_role_priv` VALUES ('2', 'adminpanel', 'manage', 'go_1', '', '61', '1');
INSERT INTO `t_sys_member_role_priv` VALUES ('2', 'adminpanel', 'bookadmin', 'add', '', '69', '44');
INSERT INTO `t_sys_member_role_priv` VALUES ('2', 'adminpanel', 'bookadmin', 'edit', '', '70', '45');
INSERT INTO `t_sys_member_role_priv` VALUES ('2', 'adminpanel', 'bookadmin', 'choose', '', '71', '46');
INSERT INTO `t_sys_member_role_priv` VALUES ('2', 'adminpanel', 'bookadmin', 'delete_one', '', '72', '47');
INSERT INTO `t_sys_member_role_priv` VALUES ('2', 'adminpanel', 'bookadmin', 'delete_all', '', '73', '48');
INSERT INTO `t_sys_member_role_priv` VALUES ('2', 'adminpanel', 'bookadmin', 'readonly', '', '74', '49');
INSERT INTO `t_sys_member_role_priv` VALUES ('2', 'adminpanel', 'bookadmin', 'upload', '', '75', '50');

-- ----------------------------
-- Table structure for `t_sys_module_menu`
-- ----------------------------
DROP TABLE IF EXISTS `t_sys_module_menu`;
CREATE TABLE `t_sys_module_menu` (
  `menu_id` smallint(6) unsigned NOT NULL AUTO_INCREMENT,
  `menu_name` char(40) NOT NULL DEFAULT '',
  `parent_id` smallint(6) NOT NULL DEFAULT '0',
  `list_order` smallint(6) unsigned NOT NULL DEFAULT '0',
  `is_display` tinyint(1) NOT NULL DEFAULT '1',
  `controller` varchar(50) DEFAULT NULL,
  `folder` varchar(50) DEFAULT NULL,
  `method` varchar(50) DEFAULT NULL,
  `flag_id` varchar(50) NOT NULL DEFAULT '0',
  `is_side_menu` tinyint(1) DEFAULT '0',
  `is_system` tinyint(1) DEFAULT '0',
  `is_works` tinyint(1) DEFAULT '0',
  `user_id` int(11) NOT NULL DEFAULT '0',
  `css_icon` varchar(50) DEFAULT NULL,
  `arr_parentid` varchar(250) DEFAULT NULL,
  `arr_childid` varchar(250) DEFAULT NULL,
  `is_parent` tinyint(1) DEFAULT '0',
  `show_where` tinyint(1) DEFAULT '1',
  PRIMARY KEY (`menu_id`) USING BTREE,
  KEY `list_order` (`list_order`),
  KEY `parent_id` (`parent_id`)
) ENGINE=MyISAM AUTO_INCREMENT=60 DEFAULT CHARSET=utf8;

-- ----------------------------
-- Records of t_sys_module_menu
-- ----------------------------
INSERT INTO `t_sys_module_menu` VALUES ('1', '首页', '0', '1', '1', 'manage', 'adminpanel', 'go_1', '0', '1', '0', '1', '1', 'home', '0', '1,5,6,7,41,8', '1', '1');
INSERT INTO `t_sys_module_menu` VALUES ('2', '用户管理', '0', '2', '1', 'manage', 'adminpanel', 'go_2', '0', '1', '0', '1', '1', 'street-view', '0', '2,9,31,32,33,34,35,36,37,10,26,27,28,29,30', '1', '1');
INSERT INTO `t_sys_module_menu` VALUES ('3', '栏目管理', '0', '3', '1', 'manage', 'adminpanel', 'go_3', '0', '1', '0', '1', '1', 'list-ol', '0', '3,11,16,17,18,19,20,12,13,14,21,22,23,24,25,39', '1', '1');
INSERT INTO `t_sys_module_menu` VALUES ('4', '扩展模块', '0', '4', '1', 'manage', 'adminpanel', 'go_4', '0', '1', '0', '1', '1', 'dropbox', '0', '4,15,38,42,43,44,45,46,47,48,49,50', '1', '1');
INSERT INTO `t_sys_module_menu` VALUES ('5', '我的', '1', '5', '1', 'manage', 'adminpanel', 'go_5', '0', '1', '0', '1', '1', '', '0,1', '5,6,7,41,8', '1', '1');
INSERT INTO `t_sys_module_menu` VALUES ('6', '控制面板', '5', '6', '1', 'manage', 'adminpanel', 'index', '0', '1', '0', '1', '1', '', '0,1,5', '6', '0', '1');
INSERT INTO `t_sys_module_menu` VALUES ('7', '修改密码', '5', '7', '1', 'profile', 'adminpanel', 'change_pwd', '0', '1', '0', '1', '1', '', '0,1,5', '7', '0', '1');
INSERT INTO `t_sys_module_menu` VALUES ('8', '注销', '5', '8', '1', 'manage', 'adminpanel', 'logout', '0', '1', '0', '1', '1', '', '0,1,5', '8', '0', '1');
INSERT INTO `t_sys_module_menu` VALUES ('16', '栏目列表', '11', '16', '1', 'moduleMenu', 'adminpanel', 'index', '0', '1', '0', '1', '1', '', '0,3,11', '16,17,18,19,20', '1', '1');
INSERT INTO `t_sys_module_menu` VALUES ('9', '管理用户', '2', '9', '1', 'manage', 'adminpanel', 'go_9', '0', '1', '0', '1', '1', '', '0,2', '9,31,32,33,34,35,36,37', '1', '1');
INSERT INTO `t_sys_module_menu` VALUES ('10', '管理用户组', '2', '10', '1', 'manage', 'adminpanel', 'go_10', '0', '1', '0', '1', '1', '', '0,2', '10,26,27,28,29,30', '1', '1');
INSERT INTO `t_sys_module_menu` VALUES ('11', '管理栏目', '3', '11', '1', 'manage', 'adminpanel', 'go_11', '0', '1', '0', '1', '1', '', '0,3', '11,16,17,18,19,20', '1', '1');
INSERT INTO `t_sys_module_menu` VALUES ('12', '管理模块', '3', '12', '1', 'manage', 'adminpanel', 'go_12', '0', '1', '0', '1', '1', '', '0,3', '12,13,14,21,22,23,24,25,39', '1', '1');
INSERT INTO `t_sys_module_menu` VALUES ('13', '已安装模块列表', '12', '13', '1', 'moduleManage', 'adminpanel', 'index', '0', '1', '0', '1', '1', '', '0,3,12', '13', '0', '1');
INSERT INTO `t_sys_module_menu` VALUES ('14', '安装新模块', '12', '14', '1', 'moduleInstall', 'adminpanel', 'index', '0', '1', '0', '1', '1', '', '0,3,12', '14,21,22,23,24,25,39', '1', '1');
INSERT INTO `t_sys_module_menu` VALUES ('15', '模块列表', '4', '15', '1', 'manage', 'adminpanel', 'go_15', '0', '1', '0', '1', '1', '', '0,4', '15,38', '1', '1');
INSERT INTO `t_sys_module_menu` VALUES ('17', '新增', '16', '17', '1', 'moduleMenu', 'adminpanel', 'add', '0', '1', '0', '1', '1', '', '0,3,11,16', '17', '0', '1');
INSERT INTO `t_sys_module_menu` VALUES ('18', '修改', '16', '18', '1', 'moduleMenu', 'adminpanel', 'edit', '0', '1', '0', '1', '1', '', '0,3,11,16', '18', '0', '1');
INSERT INTO `t_sys_module_menu` VALUES ('19', '删除', '16', '19', '1', 'moduleMenu', 'adminpanel', 'delete', '0', '1', '0', '1', '1', '', '0,3,11,16', '19', '0', '1');
INSERT INTO `t_sys_module_menu` VALUES ('20', '设置左侧菜单', '16', '20', '1', 'moduleMenu', 'adminpanel', 'set_menu', '0', '1', '0', '1', '1', '', '0,3,11,16', '20', '0', '1');
INSERT INTO `t_sys_module_menu` VALUES ('21', '安装', '14', '21', '1', 'moduleInstall', 'adminpanel', 'setup', '0', '1', '0', '1', '1', '', '0,3,12,14', '21', '0', '1');
INSERT INTO `t_sys_module_menu` VALUES ('22', '检查', '14', '22', '1', 'moduleInstall', 'adminpanel', 'check', '0', '1', '0', '1', '1', '', '0,3,12,14', '22', '0', '1');
INSERT INTO `t_sys_module_menu` VALUES ('23', '重装', '14', '23', '1', 'moduleInstall', 'adminpanel', 'reinstall', '0', '1', '0', '1', '1', '', '0,3,12,14', '23', '0', '1');
INSERT INTO `t_sys_module_menu` VALUES ('24', '卸载', '14', '24', '1', 'moduleInstall', 'adminpanel', 'uninstall', '0', '1', '0', '1', '1', '', '0,3,12,14', '24', '0', '1');
INSERT INTO `t_sys_module_menu` VALUES ('38', 'Hello Word', '15', '38', '0', 'helloWorld', 'adminpanel', 'index', '0', '1', '0', '1', '1', '', '0,4,15', '38', '0', '1');
INSERT INTO `t_sys_module_menu` VALUES ('25', '删除', '14', '25', '1', 'moduleInstall', 'adminpanel', 'delete', '0', '1', '0', '1', '1', '', '0,3,12,14', '25', '0', '1');
INSERT INTO `t_sys_module_menu` VALUES ('26', '用户组列表', '10', '26', '1', 'role', 'adminpanel', 'index', '0', '1', '0', '1', '1', '', '0,2,10', '26,27,28,29,30', '1', '1');
INSERT INTO `t_sys_module_menu` VALUES ('27', '新增', '26', '27', '1', 'role', 'adminpanel', 'add', '0', '1', '0', '1', '1', '', '0,2,10,26', '27', '0', '1');
INSERT INTO `t_sys_module_menu` VALUES ('28', '编辑', '26', '28', '1', 'role', 'adminpanel', 'edit', '0', '1', '0', '1', '1', '', '0,2,10,26', '28', '0', '1');
INSERT INTO `t_sys_module_menu` VALUES ('29', '删除', '26', '29', '1', 'role', 'adminpanel', 'delete_one', '0', '1', '0', '1', '1', '', '0,2,10,26', '29', '0', '1');
INSERT INTO `t_sys_module_menu` VALUES ('30', '设置权限', '26', '30', '1', 'role', 'adminpanel', 'setting', '0', '1', '0', '1', '1', '', '0,2,10,26', '30', '0', '1');
INSERT INTO `t_sys_module_menu` VALUES ('31', '用户列表', '9', '31', '1', 'user', 'adminpanel', 'index', '0', '1', '0', '1', '1', '', '0,2,9', '31,32,33,34,35,36,37', '1', '1');
INSERT INTO `t_sys_module_menu` VALUES ('32', '新增', '31', '32', '1', 'user', 'adminpanel', 'add', '0', '1', '0', '1', '1', '', '0,2,9,31', '32', '0', '1');
INSERT INTO `t_sys_module_menu` VALUES ('33', '编辑', '31', '33', '1', 'user', 'adminpanel', 'edit', '0', '1', '0', '1', '1', '', '0,2,9,31', '33', '0', '1');
INSERT INTO `t_sys_module_menu` VALUES ('34', '检测用户名', '31', '34', '1', 'user', 'adminpanel', 'check_username', '0', '1', '0', '1', '1', '', '0,2,9,31', '34', '0', '1');
INSERT INTO `t_sys_module_menu` VALUES ('35', '删除', '31', '35', '1', 'user', 'adminpanel', 'delete', '0', '1', '0', '1', '1', '', '0,2,9,31', '35', '0', '1');
INSERT INTO `t_sys_module_menu` VALUES ('36', '锁定/解锁', '31', '36', '1', 'user', 'adminpanel', 'lock', '0', '1', '0', '1', '1', '', '0,2,9,31', '36', '0', '1');
INSERT INTO `t_sys_module_menu` VALUES ('37', '上传头像', '31', '37', '1', 'user', 'adminpanel', 'upload', '0', '1', '0', '1', '1', '', '0,2,9,31', '37', '0', '1');
INSERT INTO `t_sys_module_menu` VALUES ('39', '上传安装包', '14', '39', '1', 'moduleInstall', 'adminpanel', 'index', '0', '1', '0', '1', '1', '', '0,3,12,14', '39', '0', '1');
INSERT INTO `t_sys_module_menu` VALUES ('41', '全局缓存', '5', '7', '1', 'manage', 'adminpanel', 'cache', '0', '1', '0', '1', '1', '', '0,1,5', '41', '0', '1');
INSERT INTO `t_sys_module_menu` VALUES ('42', '管理图书信息管理', '4', '42', '1', 'manage', 'adminpanel', 'go_42', '000003064a', '1', '0', '0', '1', 'book', '0,4', '42,43,44,45,46,47,48,49,50', '1', '1');
INSERT INTO `t_sys_module_menu` VALUES ('43', '图书信息管理列表', '42', '43', '1', 'bookadmin', 'adminpanel', 'index', '000003064b', '1', '0', '0', '1', '', '0,4,42', '43', '0', '1');
INSERT INTO `t_sys_module_menu` VALUES ('44', '新增', '42', '44', '1', 'bookadmin', 'adminpanel', 'add', '000003064c', '1', '0', '0', '1', '', '0,4,42', '44', '0', '1');
INSERT INTO `t_sys_module_menu` VALUES ('45', '修改', '42', '45', '1', 'bookadmin', 'adminpanel', 'edit', '000003064d', '0', '0', '0', '1', '', '0,4,42', '45', '0', '1');
INSERT INTO `t_sys_module_menu` VALUES ('46', '选择弹窗', '42', '46', '0', 'bookadmin', 'adminpanel', 'choose', '000003064e', '0', '0', '0', '1', '', '0,4,42', '46', '0', '1');
INSERT INTO `t_sys_module_menu` VALUES ('47', '删除单个', '42', '47', '0', 'bookadmin', 'adminpanel', 'delete_one', '000003064f', '0', '0', '0', '1', '', '0,4,42', '47', '0', '1');
INSERT INTO `t_sys_module_menu` VALUES ('48', '删除多个', '42', '48', '0', 'bookadmin', 'adminpanel', 'delete_all', '000003064g', '0', '0', '0', '1', '', '0,4,42', '48', '0', '1');
INSERT INTO `t_sys_module_menu` VALUES ('49', '查看', '42', '49', '1', 'bookadmin', 'adminpanel', 'readonly', '000003064h', '0', '0', '0', '1', '', '0,4,42', '49', '0', '1');
INSERT INTO `t_sys_module_menu` VALUES ('50', '上传', '42', '50', '0', 'bookadmin', 'adminpanel', 'upload', '000003064i', '0', '0', '0', '1', '', '0,4,42', '50', '0', '1');
INSERT INTO `t_sys_module_menu` VALUES ('51', '管理微课程', '0', '0', '1', 'courses', 'adminpanel', 'index', '000003091a', '1', '0', '0', '1', 'institution', null, null, '0', '1');
INSERT INTO `t_sys_module_menu` VALUES ('52', '微课程列表', '51', '0', '1', 'courses', 'adminpanel', 'index', '000003091b', '1', '0', '0', '1', '', null, null, '0', '1');
INSERT INTO `t_sys_module_menu` VALUES ('53', '新增', '51', '0', '1', 'courses', 'adminpanel', 'add', '000003091c', '1', '0', '0', '1', '', null, null, '0', '1');
INSERT INTO `t_sys_module_menu` VALUES ('54', '修改', '51', '0', '0', 'courses', 'adminpanel', 'edit', '000003091d', '0', '0', '0', '1', '', null, null, '0', '1');
INSERT INTO `t_sys_module_menu` VALUES ('55', '选择弹窗', '51', '0', '0', 'courses', 'adminpanel', 'choose', '000003091e', '0', '0', '0', '1', '', null, null, '0', '1');
INSERT INTO `t_sys_module_menu` VALUES ('56', '删除单个', '51', '0', '0', 'courses', 'adminpanel', 'delete_one', '000003091f', '0', '0', '0', '1', '', null, null, '0', '1');
INSERT INTO `t_sys_module_menu` VALUES ('57', '删除多个', '51', '0', '0', 'courses', 'adminpanel', 'delete_all', '000003091g', '0', '0', '0', '1', '', null, null, '0', '1');
INSERT INTO `t_sys_module_menu` VALUES ('58', '查看', '51', '0', '0', 'courses', 'adminpanel', 'readonly', '000003091h', '0', '0', '0', '1', '', null, null, '0', '1');
INSERT INTO `t_sys_module_menu` VALUES ('59', '上传', '51', '0', '0', 'courses', 'adminpanel', 'upload', '000003091i', '0', '0', '0', '1', '', null, null, '0', '1');

-- ----------------------------
-- Table structure for `t_sys_sessions`
-- ----------------------------
DROP TABLE IF EXISTS `t_sys_sessions`;
CREATE TABLE `t_sys_sessions` (
  `id` varchar(40) NOT NULL,
  `ip_address` varchar(45) NOT NULL,
  `timestamp` int(10) unsigned NOT NULL DEFAULT '0',
  `data` blob NOT NULL,
  KEY `ci_sessions_timestamp` (`timestamp`)
) ENGINE=MyISAM DEFAULT CHARSET=latin1;

-- ----------------------------
-- Records of t_sys_sessions
-- ----------------------------
INSERT INTO `t_sys_sessions` VALUES ('c1b2bc6869212f4e19af1692a75460f0684a894b', '::1', '1495253258', 0x5F5F63695F6C6173745F726567656E65726174657C693A313439353235333231333B757365725F69647C733A313A2231223B757365725F66756C6C6E616D657C733A393A22E6BD98E5B08FE7868A223B757365725F6E616D657C733A353A2261646D696E223B67726F75705F69647C733A313A2231223B);
INSERT INTO `t_sys_sessions` VALUES ('dcb916a16c8d375d5941b29723130529393dd094', '::1', '1495251336', 0x5F5F63695F6C6173745F726567656E65726174657C693A313439353235313333353B757365725F69647C733A313A2231223B757365725F66756C6C6E616D657C733A393A22E6BD98E5B08FE7868A223B757365725F6E616D657C733A353A2261646D696E223B67726F75705F69647C733A313A2231223B);
INSERT INTO `t_sys_sessions` VALUES ('b1b6c31f1e7725c63a29c3a350481bdf42a79fac', '::1', '1495250630', 0x5F5F63695F6C6173745F726567656E65726174657C693A313439353235303633303B757365725F69647C733A313A2231223B757365725F66756C6C6E616D657C733A393A22E883A1E5AD90E99485223B757365725F6E616D657C733A343A2274657374223B67726F75705F69647C733A313A2231223B);
INSERT INTO `t_sys_sessions` VALUES ('35ee8d6f45640920511cf24a2e3627827d3f2550', '::1', '1495247617', 0x5F5F63695F6C6173745F726567656E65726174657C693A313439353234373533383B757365725F69647C733A313A2231223B757365725F66756C6C6E616D657C733A393A22E6BD98E5B08FE7868A223B757365725F6E616D657C733A353A2261646D696E223B67726F75705F69647C733A313A2231223B);
INSERT INTO `t_sys_sessions` VALUES ('39c998c54caa70c4da33ef50700f3da721d3c64f', '::1', '1495242452', 0x5F5F63695F6C6173745F726567656E65726174657C693A313439353234323231393B757365725F69647C733A313A2231223B757365725F66756C6C6E616D657C733A393A22E6BD98E5B08FE7868A223B757365725F6E616D657C733A353A2261646D696E223B67726F75705F69647C733A313A2231223B);
INSERT INTO `t_sys_sessions` VALUES ('649db43d28cda2c329cab08bfa94b706e9c10ee2', '::1', '1495241779', 0x5F5F63695F6C6173745F726567656E65726174657C693A313439353234313732393B757365725F69647C733A313A2231223B757365725F66756C6C6E616D657C733A393A22E6BD98E5B08FE7868A223B757365725F6E616D657C733A353A2261646D696E223B67726F75705F69647C733A313A2231223B);
INSERT INTO `t_sys_sessions` VALUES ('37c9e4de5bbd50fdc2e10ae3ecdb1f9d1f8e45b7', '::1', '1495241271', 0x5F5F63695F6C6173745F726567656E65726174657C693A313439353234303937333B757365725F69647C733A313A2231223B757365725F66756C6C6E616D657C733A393A22E6BD98E5B08FE7868A223B757365725F6E616D657C733A353A2261646D696E223B67726F75705F69647C733A313A2231223B);
INSERT INTO `t_sys_sessions` VALUES ('ee51d904d20c7e12e2efe90886c3735bd83e1977', '::1', '1495240972', 0x5F5F63695F6C6173745F726567656E65726174657C693A313439353234303630343B757365725F69647C733A313A2231223B757365725F66756C6C6E616D657C733A393A22E6BD98E5B08FE7868A223B757365725F6E616D657C733A353A2261646D696E223B67726F75705F69647C733A313A2231223B);
INSERT INTO `t_sys_sessions` VALUES ('f5c198fc80baa7ebd427533b9ba017c48192a360', '::1', '1495234281', 0x5F5F63695F6C6173745F726567656E65726174657C693A313439353233343131343B);
INSERT INTO `t_sys_sessions` VALUES ('77d4d2185e9c49ada991fa6555602985ed9bb197', '::1', '1495235226', 0x5F5F63695F6C6173745F726567656E65726174657C693A313439353233343939343B);
INSERT INTO `t_sys_sessions` VALUES ('98c84bf757390c045b5d149928e5fcc05dc2bea5', '::1', '1495235631', 0x5F5F63695F6C6173745F726567656E65726174657C693A313439353233353333343B757365725F69647C733A313A2231223B757365725F66756C6C6E616D657C733A393A22E883A1E5AD90E99485223B757365725F6E616D657C733A343A2274657374223B67726F75705F69647C733A313A2231223B);
INSERT INTO `t_sys_sessions` VALUES ('addb6183fd5fc53358f076588472ca7376bda35f', '::1', '1495236163', 0x5F5F63695F6C6173745F726567656E65726174657C693A313439353233353933313B757365725F69647C733A313A2231223B757365725F66756C6C6E616D657C733A393A22E883A1E5AD90E99485223B757365725F6E616D657C733A343A2274657374223B67726F75705F69647C733A313A2231223B);
INSERT INTO `t_sys_sessions` VALUES ('2e1057e4b3875a26a79693ff1a40655e136f3f89', '::1', '1495238667', 0x5F5F63695F6C6173745F726567656E65726174657C693A313439353233383435303B757365725F69647C733A313A2231223B757365725F66756C6C6E616D657C733A393A22E883A1E5AD90E99485223B757365725F6E616D657C733A343A2274657374223B67726F75705F69647C733A313A2231223B);
INSERT INTO `t_sys_sessions` VALUES ('c91b8430ba45851c6df940f823843770bb672fb9', '::1', '1495238976', 0x5F5F63695F6C6173745F726567656E65726174657C693A313439353233383835333B757365725F69647C733A313A2231223B757365725F66756C6C6E616D657C733A393A22E883A1E5AD90E99485223B757365725F6E616D657C733A343A2274657374223B67726F75705F69647C733A313A2231223B);
INSERT INTO `t_sys_sessions` VALUES ('29ef382b6c5b759a007a425b204813dd95860a5c', '::1', '1495239587', 0x5F5F63695F6C6173745F726567656E65726174657C693A313439353233393537313B757365725F69647C733A313A2231223B757365725F66756C6C6E616D657C733A393A22E883A1E5AD90E99485223B757365725F6E616D657C733A343A2274657374223B67726F75705F69647C733A313A2231223B);
INSERT INTO `t_sys_sessions` VALUES ('a7a38bf3aeebfedf4e19156991048ce65222464d', '::1', '1495240602', 0x5F5F63695F6C6173745F726567656E65726174657C693A313439353234303330323B757365725F69647C733A313A2231223B757365725F66756C6C6E616D657C733A393A22E6BD98E5B08FE7868A223B757365725F6E616D657C733A353A2261646D696E223B67726F75705F69647C733A313A2231223B);
INSERT INTO `t_sys_sessions` VALUES ('7f2eddce8c448c61b485af11af43f41f519a7ecd', '::1', '1495449891', 0x5F5F63695F6C6173745F726567656E65726174657C693A313439353434393632313B757365725F69647C733A313A2231223B757365725F66756C6C6E616D657C733A393A22E6BD98E5B08FE7868A223B757365725F6E616D657C733A353A2261646D696E223B67726F75705F69647C733A313A2231223B);
INSERT INTO `t_sys_sessions` VALUES ('6b99edcbc303c3b24f507dd05809ae4faef84efd', '::1', '1495458545', 0x5F5F63695F6C6173745F726567656E65726174657C693A313439353435383534353B);
INSERT INTO `t_sys_sessions` VALUES ('81653bacb14468feb766566f1896cd65d2780d70', '::1', '1495458996', 0x5F5F63695F6C6173745F726567656E65726174657C693A313439353435383939353B);
INSERT INTO `t_sys_sessions` VALUES ('8a399d429e2db91dc575ed67c81a264171087b10', '::1', '1495459318', 0x5F5F63695F6C6173745F726567656E65726174657C693A313439353435393032303B);
INSERT INTO `t_sys_sessions` VALUES ('23b22f79585e7bdb7fd981fb4a4d866a1c0e9a0c', '::1', '1495459167', 0x5F5F63695F6C6173745F726567656E65726174657C693A313439353435393136373B);
INSERT INTO `t_sys_sessions` VALUES ('eb539ae35be3c4a4a3661981cab83e25eaf6b1d3', '::1', '1495459733', 0x5F5F63695F6C6173745F726567656E65726174657C693A313439353435393433343B);
INSERT INTO `t_sys_sessions` VALUES ('c5a9ffe3d7d99cc2b3e885bc345d7a0595eaa971', '::1', '1495459994', 0x5F5F63695F6C6173745F726567656E65726174657C693A313439353435393733363B757365725F69647C733A313A2231223B757365725F66756C6C6E616D657C733A393A22E6BD98E5B08FE7868A223B757365725F6E616D657C733A353A2261646D696E223B67726F75705F69647C733A313A2231223B);
INSERT INTO `t_sys_sessions` VALUES ('cd986f59106825f71e60e0bbe14a6dc00bfd421f', '::1', '1495460369', 0x5F5F63695F6C6173745F726567656E65726174657C693A313439353436303036313B757365725F69647C733A313A2231223B757365725F66756C6C6E616D657C733A393A22E6BD98E5B08FE7868A223B757365725F6E616D657C733A353A2261646D696E223B67726F75705F69647C733A313A2231223B);
INSERT INTO `t_sys_sessions` VALUES ('b9c7ce38b2b469d849531291fc5eb05553fe2fe4', '::1', '1495460374', 0x5F5F63695F6C6173745F726567656E65726174657C693A313439353436303337303B757365725F69647C733A313A2231223B757365725F66756C6C6E616D657C733A393A22E6BD98E5B08FE7868A223B757365725F6E616D657C733A353A2261646D696E223B67726F75705F69647C733A313A2231223B);
INSERT INTO `t_sys_sessions` VALUES ('54ba4a159a3005bc2116b62c384e1295ec6ac8d2', '::1', '1495461068', 0x5F5F63695F6C6173745F726567656E65726174657C693A313439353436303833303B757365725F69647C733A313A2231223B757365725F66756C6C6E616D657C733A393A22E6BD98E5B08FE7868A223B757365725F6E616D657C733A353A2261646D696E223B67726F75705F69647C733A313A2231223B);
INSERT INTO `t_sys_sessions` VALUES ('94c1320f999ebd1631b98530d4b4f1aa2b3a9616', '::1', '1495461499', 0x5F5F63695F6C6173745F726567656E65726174657C693A313439353436313331393B);
INSERT INTO `t_sys_sessions` VALUES ('dddbf77848c1f031d9b9a54efb8e7486cb405835', '::1', '1495462170', 0x5F5F63695F6C6173745F726567656E65726174657C693A313439353436313738333B);
INSERT INTO `t_sys_sessions` VALUES ('3c4b9c38162ad2bcaacdcef4130ec5e9cf66bb49', '::1', '1495462220', 0x5F5F63695F6C6173745F726567656E65726174657C693A313439353436323232303B);
INSERT INTO `t_sys_sessions` VALUES ('b2715117ec6083b82ccfca8c5e8f1eefc199e8be', '::1', '1495462547', 0x5F5F63695F6C6173745F726567656E65726174657C693A313439353436323534373B);
INSERT INTO `t_sys_sessions` VALUES ('6dd57651d39de8fedb9216cc3a86f59869840870', '::1', '1495463111', 0x5F5F63695F6C6173745F726567656E65726174657C693A313439353436323933383B757365725F69647C733A313A2231223B757365725F66756C6C6E616D657C733A393A22E6BD98E5B08FE7868A223B757365725F6E616D657C733A353A2261646D696E223B67726F75705F69647C733A313A2231223B);
INSERT INTO `t_sys_sessions` VALUES ('a677f044bd270bc130b8870f5f454b469e00e13d', '::1', '1495463269', 0x5F5F63695F6C6173745F726567656E65726174657C693A313439353436333234303B757365725F69647C733A313A2231223B757365725F66756C6C6E616D657C733A393A22E6BD98E5B08FE7868A223B757365725F6E616D657C733A353A2261646D696E223B67726F75705F69647C733A313A2231223B);
INSERT INTO `t_sys_sessions` VALUES ('6d0838c2231bc61157c8c7ee91b79412be7b673e', '::1', '1495463794', 0x5F5F63695F6C6173745F726567656E65726174657C693A313439353436333535313B757365725F69647C733A313A2231223B757365725F66756C6C6E616D657C733A393A22E6BD98E5B08FE7868A223B757365725F6E616D657C733A353A2261646D696E223B67726F75705F69647C733A313A2231223B);
INSERT INTO `t_sys_sessions` VALUES ('d13cb0e838adf6263fd8f0bc017899bec31588dc', '::1', '1495464414', 0x5F5F63695F6C6173745F726567656E65726174657C693A313439353436343131343B757365725F69647C733A313A2231223B757365725F66756C6C6E616D657C733A393A22E6BD98E5B08FE7868A223B757365725F6E616D657C733A353A2261646D696E223B67726F75705F69647C733A313A2231223B);
INSERT INTO `t_sys_sessions` VALUES ('a022836009904fa1df4536235208d8a8e72e1b7d', '::1', '1495464704', 0x5F5F63695F6C6173745F726567656E65726174657C693A313439353436343431393B757365725F69647C733A313A2231223B757365725F66756C6C6E616D657C733A393A22E6BD98E5B08FE7868A223B757365725F6E616D657C733A353A2261646D696E223B67726F75705F69647C733A313A2231223B);
INSERT INTO `t_sys_sessions` VALUES ('0e964ae31460b6709e7385cd42061f2c39b52633', '::1', '1495465175', 0x5F5F63695F6C6173745F726567656E65726174657C693A313439353436343939313B757365725F69647C733A313A2231223B757365725F66756C6C6E616D657C733A393A22E6BD98E5B08FE7868A223B757365725F6E616D657C733A353A2261646D696E223B67726F75705F69647C733A313A2231223B);
INSERT INTO `t_sys_sessions` VALUES ('d2803c3a905fe6d70690760c82f42200ed603b06', '::1', '1495466465', 0x5F5F63695F6C6173745F726567656E65726174657C693A313439353436363131343B757365725F69647C733A313A2231223B757365725F66756C6C6E616D657C733A393A22E6BD98E5B08FE7868A223B757365725F6E616D657C733A353A2261646D696E223B67726F75705F69647C733A313A2231223B);
INSERT INTO `t_sys_sessions` VALUES ('3b00a90b07f0985c238991cbdee8720d4f36ab62', '::1', '1495466781', 0x5F5F63695F6C6173745F726567656E65726174657C693A313439353436363438353B757365725F69647C733A313A2231223B757365725F66756C6C6E616D657C733A393A22E6BD98E5B08FE7868A223B757365725F6E616D657C733A353A2261646D696E223B67726F75705F69647C733A313A2231223B);
INSERT INTO `t_sys_sessions` VALUES ('cb9bf8b00a989ef79755e32447614902445fc8eb', '::1', '1495467141', 0x5F5F63695F6C6173745F726567656E65726174657C693A313439353436363834313B757365725F69647C733A313A2231223B757365725F66756C6C6E616D657C733A393A22E6BD98E5B08FE7868A223B757365725F6E616D657C733A353A2261646D696E223B67726F75705F69647C733A313A2231223B);
INSERT INTO `t_sys_sessions` VALUES ('ca1a29b110e4e4670b18defafc2aba6ccdc45901', '::1', '1495467466', 0x5F5F63695F6C6173745F726567656E65726174657C693A313439353436373138333B757365725F69647C733A313A2231223B757365725F66756C6C6E616D657C733A393A22E6BD98E5B08FE7868A223B757365725F6E616D657C733A353A2261646D696E223B67726F75705F69647C733A313A2231223B);
INSERT INTO `t_sys_sessions` VALUES ('00cf72c6b4a54189a5f122677e80f375c0025f8a', '::1', '1495467875', 0x5F5F63695F6C6173745F726567656E65726174657C693A313439353436373438393B757365725F69647C733A313A2231223B757365725F66756C6C6E616D657C733A393A22E6BD98E5B08FE7868A223B757365725F6E616D657C733A353A2261646D696E223B67726F75705F69647C733A313A2231223B);
INSERT INTO `t_sys_sessions` VALUES ('6b22488985797dab7d5058bc32f678dc2c212d77', '::1', '1495468385', 0x5F5F63695F6C6173745F726567656E65726174657C693A313439353436373935373B757365725F69647C733A313A2231223B757365725F66756C6C6E616D657C733A393A22E6BD98E5B08FE7868A223B757365725F6E616D657C733A353A2261646D696E223B67726F75705F69647C733A313A2231223B);
INSERT INTO `t_sys_sessions` VALUES ('966a0a4ffe0d5e3acfdd7e9b0d5c5f0a598f8e67', '::1', '1495469244', 0x5F5F63695F6C6173745F726567656E65726174657C693A313439353436383430353B757365725F69647C733A313A2231223B757365725F66756C6C6E616D657C733A393A22E6BD98E5B08FE7868A223B757365725F6E616D657C733A353A2261646D696E223B67726F75705F69647C733A313A2231223B);
INSERT INTO `t_sys_sessions` VALUES ('3e605b9bb53041bcedc02bc132fbaa1abd878079', '::1', '1495469549', 0x5F5F63695F6C6173745F726567656E65726174657C693A313439353436393534363B757365725F69647C733A313A2231223B757365725F66756C6C6E616D657C733A393A22E6BD98E5B08FE7868A223B757365725F6E616D657C733A353A2261646D696E223B67726F75705F69647C733A313A2231223B);
INSERT INTO `t_sys_sessions` VALUES ('d8e3b3fc5688f534b4609813b01175b21e21ebbf', '::1', '1495498335', 0x5F5F63695F6C6173745F726567656E65726174657C693A313439353439383235353B);
INSERT INTO `t_sys_sessions` VALUES ('acf7415efee6ff77a8721005fc3c486f4b6d473c', '::1', '1495503131', 0x5F5F63695F6C6173745F726567656E65726174657C693A313439353530333132343B);
INSERT INTO `t_sys_sessions` VALUES ('958665a5d36ccf887f574738be96bf763f38e91d', '::1', '1495504318', 0x5F5F63695F6C6173745F726567656E65726174657C693A313439353530343131343B);
INSERT INTO `t_sys_sessions` VALUES ('2161cfe73c1fb327752f75e197373e774528cfee', '::1', '1495505169', 0x5F5F63695F6C6173745F726567656E65726174657C693A313439353530343831363B);
INSERT INTO `t_sys_sessions` VALUES ('424333b676e7960ea4762efa085858657fc3c798', '::1', '1495505424', 0x5F5F63695F6C6173745F726567656E65726174657C693A313439353530353230313B);
INSERT INTO `t_sys_sessions` VALUES ('7ed5a4e84ded46800eb21f79982e372458ac4024', '::1', '1495506685', 0x5F5F63695F6C6173745F726567656E65726174657C693A313439353530353531363B);
INSERT INTO `t_sys_sessions` VALUES ('055e0620d4c7fff3a329f78f5f09f0c01f5e4a56', '::1', '1495516502', 0x5F5F63695F6C6173745F726567656E65726174657C693A313439353531363331323B);
INSERT INTO `t_sys_sessions` VALUES ('1cb630af67d1bbe9098ea862a517fde3ed06f6b2', '::1', '1495517037', 0x5F5F63695F6C6173745F726567656E65726174657C693A313439353531363634353B);
INSERT INTO `t_sys_sessions` VALUES ('1843688f969ff57a404110c434854737b49c99db', '::1', '1495517256', 0x5F5F63695F6C6173745F726567656E65726174657C693A313439353531373137313B);
INSERT INTO `t_sys_sessions` VALUES ('cd5dbf4f9c3e708c9c6d9a3bf0a319ea78584ff8', '::1', '1495517670', 0x5F5F63695F6C6173745F726567656E65726174657C693A313439353531373637303B);
INSERT INTO `t_sys_sessions` VALUES ('c8cff1d0823d95c8b60d0d8d54df6d19ebd2c8ff', '::1', '1495518553', 0x5F5F63695F6C6173745F726567656E65726174657C693A313439353531383233363B);
INSERT INTO `t_sys_sessions` VALUES ('59f7b1c3ea0e371e0d509e969d1238cdb1ed4db2', '::1', '1495518996', 0x5F5F63695F6C6173745F726567656E65726174657C693A313439353531383537353B);
INSERT INTO `t_sys_sessions` VALUES ('325e638cc05f06e6d6cdae28e05b11f6392c32fc', '::1', '1495519432', 0x5F5F63695F6C6173745F726567656E65726174657C693A313439353531393132373B);
INSERT INTO `t_sys_sessions` VALUES ('81efe1a6c3e6039a6e00f7b2a534c753eff4a700', '::1', '1495523126', 0x5F5F63695F6C6173745F726567656E65726174657C693A313439353532333132333B);
INSERT INTO `t_sys_sessions` VALUES ('bd36028a899c20be7820276f96f889d9b61aff98', '::1', '1495523501', 0x5F5F63695F6C6173745F726567656E65726174657C693A313439353532333530303B);
INSERT INTO `t_sys_sessions` VALUES ('578008ba974893484439aab836004d6bada31f69', '::1', '1495524490', 0x5F5F63695F6C6173745F726567656E65726174657C693A313439353532343236363B);
INSERT INTO `t_sys_sessions` VALUES ('8b39ae014e2da234ddc8c04b85678ba66905b646', '::1', '1495524923', 0x5F5F63695F6C6173745F726567656E65726174657C693A313439353532343632373B);
INSERT INTO `t_sys_sessions` VALUES ('ee68efde50cf303bc2f2146092c504da2e07aad8', '::1', '1495525369', 0x5F5F63695F6C6173745F726567656E65726174657C693A313439353532353133343B757365725F69647C733A313A2231223B757365725F66756C6C6E616D657C733A393A22E6BD98E5B08FE7868A223B757365725F6E616D657C733A353A2261646D696E223B67726F75705F69647C733A313A2231223B);
INSERT INTO `t_sys_sessions` VALUES ('aab9b6db4f1f7a18a226529995664c418465bfe0', '::1', '1495526050', 0x5F5F63695F6C6173745F726567656E65726174657C693A313439353532353738313B757365725F69647C733A313A2231223B757365725F66756C6C6E616D657C733A393A22E6BD98E5B08FE7868A223B757365725F6E616D657C733A353A2261646D696E223B67726F75705F69647C733A313A2231223B);
INSERT INTO `t_sys_sessions` VALUES ('1c6901072a36d3e85e9a79a6d12a10cffe3dc2a8', '::1', '1495526185', 0x5F5F63695F6C6173745F726567656E65726174657C693A313439353532363130323B757365725F69647C733A313A2231223B757365725F66756C6C6E616D657C733A393A22E6BD98E5B08FE7868A223B757365725F6E616D657C733A353A2261646D696E223B67726F75705F69647C733A313A2231223B);
INSERT INTO `t_sys_sessions` VALUES ('35046fdcc71b0a510714003fdc55ceaf76e5e057', '::1', '1495530841', 0x5F5F63695F6C6173745F726567656E65726174657C693A313439353532383535383B757365725F69647C733A313A2231223B757365725F66756C6C6E616D657C733A393A22E6BD98E5B08FE7868A223B757365725F6E616D657C733A353A2261646D696E223B67726F75705F69647C733A313A2231223B);
INSERT INTO `t_sys_sessions` VALUES ('66ce4a32a272c9837e00aab728a64a3e274077f7', '::1', '1495530989', 0x5F5F63695F6C6173745F726567656E65726174657C693A313439353533303834393B757365725F69647C733A313A2231223B757365725F66756C6C6E616D657C733A393A22E6BD98E5B08FE7868A223B757365725F6E616D657C733A353A2261646D696E223B67726F75705F69647C733A313A2231223B);
INSERT INTO `t_sys_sessions` VALUES ('c3b80d0cc80a5c38b4f3ce58bcd30c2f2e9f6225', '::1', '1495588624', 0x5F5F63695F6C6173745F726567656E65726174657C693A313439353538383632313B);
INSERT INTO `t_sys_sessions` VALUES ('11e8aebd7b48ca690f1e8680325e5721396ed5eb', '::1', '1495589096', 0x5F5F63695F6C6173745F726567656E65726174657C693A313439353538393039333B);
INSERT INTO `t_sys_sessions` VALUES ('3a483bd33f9adccf5d20299c0cf7b006be4a91d0', '::1', '1495591953', 0x5F5F63695F6C6173745F726567656E65726174657C693A313439353539313234363B);
INSERT INTO `t_sys_sessions` VALUES ('2d9effb73792e2f85c95d31c70ad2b71020e4862', '::1', '1495592115', 0x5F5F63695F6C6173745F726567656E65726174657C693A313439353539323030313B);
INSERT INTO `t_sys_sessions` VALUES ('93bc7bda116588e8f97e3592cf9ed72f7594fa67', '::1', '1495592457', 0x5F5F63695F6C6173745F726567656E65726174657C693A313439353539323331323B757365725F69647C733A313A2231223B757365725F66756C6C6E616D657C733A393A22E6BD98E5B08FE7868A223B757365725F6E616D657C733A353A2261646D696E223B67726F75705F69647C733A313A2231223B);
INSERT INTO `t_sys_sessions` VALUES ('bf5a99818207e0bef81d5ccb7c5c45c574692643', '::1', '1495592919', 0x5F5F63695F6C6173745F726567656E65726174657C693A313439353539323633353B757365725F69647C733A313A2231223B757365725F66756C6C6E616D657C733A393A22E6BD98E5B08FE7868A223B757365725F6E616D657C733A353A2261646D696E223B67726F75705F69647C733A313A2231223B);
INSERT INTO `t_sys_sessions` VALUES ('3e64fe11dc6a8ca812b62065ce088bbd60c71cb2', '::1', '1495593288', 0x5F5F63695F6C6173745F726567656E65726174657C693A313439353539333033383B757365725F69647C733A313A2231223B757365725F66756C6C6E616D657C733A393A22E6BD98E5B08FE7868A223B757365725F6E616D657C733A353A2261646D696E223B67726F75705F69647C733A313A2231223B);
INSERT INTO `t_sys_sessions` VALUES ('a3ee63a9bdf2eb4aae5d90d251b4bcc6ce753170', '::1', '1495593641', 0x5F5F63695F6C6173745F726567656E65726174657C693A313439353539333334373B757365725F69647C733A313A2231223B757365725F66756C6C6E616D657C733A393A22E6BD98E5B08FE7868A223B757365725F6E616D657C733A353A2261646D696E223B67726F75705F69647C733A313A2231223B);
INSERT INTO `t_sys_sessions` VALUES ('c6675cce35f912a41b364315cc0c36c1f65820cf', '::1', '1495593946', 0x5F5F63695F6C6173745F726567656E65726174657C693A313439353539333837383B757365725F69647C733A313A2231223B757365725F66756C6C6E616D657C733A393A22E6BD98E5B08FE7868A223B757365725F6E616D657C733A353A2261646D696E223B67726F75705F69647C733A313A2231223B);
INSERT INTO `t_sys_sessions` VALUES ('202fb7304d3bb0f394692bdf1c69b594aab47c3b', '::1', '1495594489', 0x5F5F63695F6C6173745F726567656E65726174657C693A313439353539343231303B757365725F69647C733A313A2231223B757365725F66756C6C6E616D657C733A393A22E6BD98E5B08FE7868A223B757365725F6E616D657C733A353A2261646D696E223B67726F75705F69647C733A313A2231223B);
INSERT INTO `t_sys_sessions` VALUES ('f5f757a01d58d88da684441d9a677b48c731399a', '::1', '1495595242', 0x5F5F63695F6C6173745F726567656E65726174657C693A313439353539353138303B757365725F69647C733A313A2231223B757365725F66756C6C6E616D657C733A393A22E6BD98E5B08FE7868A223B757365725F6E616D657C733A353A2261646D696E223B67726F75705F69647C733A313A2231223B);
INSERT INTO `t_sys_sessions` VALUES ('9f53d39065f144a818a25cd02fdaab648c68aadc', '::1', '1495595707', 0x5F5F63695F6C6173745F726567656E65726174657C693A313439353539353537373B757365725F69647C733A313A2231223B757365725F66756C6C6E616D657C733A393A22E6BD98E5B08FE7868A223B757365725F6E616D657C733A353A2261646D696E223B67726F75705F69647C733A313A2231223B);
INSERT INTO `t_sys_sessions` VALUES ('c1b5732e75deb42cefd731eafd44bad98090f3a1', '::1', '1495690198', 0x5F5F63695F6C6173745F726567656E65726174657C693A313439353639303132343B);
INSERT INTO `t_sys_sessions` VALUES ('d6632276c35375c9ad4b5dcccd636a6dcf1ac760', '::1', '1495690678', 0x5F5F63695F6C6173745F726567656E65726174657C693A313439353639303434333B);
INSERT INTO `t_sys_sessions` VALUES ('af52505a16c78cb4f7c1aef41c13a74db4897add', '::1', '1495690891', 0x5F5F63695F6C6173745F726567656E65726174657C693A313439353639303737343B);
INSERT INTO `t_sys_sessions` VALUES ('7a6f516e3d8e14107be2e3299e1d141db4a3bb43', '::1', '1495691404', 0x5F5F63695F6C6173745F726567656E65726174657C693A313439353639313134363B);
INSERT INTO `t_sys_sessions` VALUES ('a3bc191b6b425f7034861e5f0cc1cbaf97b1c79e', '::1', '1495691819', 0x5F5F63695F6C6173745F726567656E65726174657C693A313439353639313831393B);
INSERT INTO `t_sys_sessions` VALUES ('38055c0cd9123edbba286a50ec7101bf24a25b5f', '::1', '1495692839', 0x5F5F63695F6C6173745F726567656E65726174657C693A313439353639323533383B757365725F69647C733A313A2231223B757365725F66756C6C6E616D657C733A393A22E6BD98E5B08FE7868A223B757365725F6E616D657C733A353A2261646D696E223B67726F75705F69647C733A313A2231223B);
INSERT INTO `t_sys_sessions` VALUES ('55359f8d8b99af39e87249ecd473b8f29da3441e', '::1', '1495692841', 0x5F5F63695F6C6173745F726567656E65726174657C693A313439353639323834313B757365725F69647C733A313A2231223B757365725F66756C6C6E616D657C733A393A22E6BD98E5B08FE7868A223B757365725F6E616D657C733A353A2261646D696E223B67726F75705F69647C733A313A2231223B);
INSERT INTO `t_sys_sessions` VALUES ('9a2675ca82c7c793b175c119366f7695ca2e3410', '::1', '1495693606', 0x5F5F63695F6C6173745F726567656E65726174657C693A313439353639333236333B757365725F69647C733A313A2231223B757365725F66756C6C6E616D657C733A393A22E6BD98E5B08FE7868A223B757365725F6E616D657C733A353A2261646D696E223B67726F75705F69647C733A313A2231223B);
INSERT INTO `t_sys_sessions` VALUES ('1c0db92dba19dceb38a15cd126e67c8341351be4', '::1', '1495693611', 0x5F5F63695F6C6173745F726567656E65726174657C693A313439353639333631303B757365725F69647C733A313A2231223B757365725F66756C6C6E616D657C733A393A22E6BD98E5B08FE7868A223B757365725F6E616D657C733A353A2261646D696E223B67726F75705F69647C733A313A2231223B);
INSERT INTO `t_sys_sessions` VALUES ('031f59f0bc52753f911417e7294fe9377c77594d', '::1', '1495695537', 0x5F5F63695F6C6173745F726567656E65726174657C693A313439353639353337393B757365725F69647C733A313A2231223B757365725F66756C6C6E616D657C733A393A22E6BD98E5B08FE7868A223B757365725F6E616D657C733A353A2261646D696E223B67726F75705F69647C733A313A2231223B);
INSERT INTO `t_sys_sessions` VALUES ('9319026c13cc9369f56ccc5576f199adbc07fe05', '::1', '1495696440', 0x5F5F63695F6C6173745F726567656E65726174657C693A313439353639363432333B757365725F69647C733A313A2231223B757365725F66756C6C6E616D657C733A393A22E6BD98E5B08FE7868A223B757365725F6E616D657C733A353A2261646D696E223B67726F75705F69647C733A313A2231223B);
INSERT INTO `t_sys_sessions` VALUES ('3a94f212db6d5cba0605002bd20c8b93bc5bccdc', '::1', '1495701744', 0x5F5F63695F6C6173745F726567656E65726174657C693A313439353730313531333B757365725F69647C733A313A2231223B757365725F66756C6C6E616D657C733A393A22E6BD98E5B08FE7868A223B757365725F6E616D657C733A353A2261646D696E223B67726F75705F69647C733A313A2231223B);
INSERT INTO `t_sys_sessions` VALUES ('c3a75fe82bdaacfbab0d78bcf3f9356e49682d17', '::1', '1495702095', 0x5F5F63695F6C6173745F726567656E65726174657C693A313439353730313831353B757365725F69647C733A313A2231223B757365725F66756C6C6E616D657C733A393A22E6BD98E5B08FE7868A223B757365725F6E616D657C733A353A2261646D696E223B67726F75705F69647C733A313A2231223B);
INSERT INTO `t_sys_sessions` VALUES ('8e9a00b6ff34a03983a70063d7c5e0ebf2701455', '::1', '1495702285', 0x5F5F63695F6C6173745F726567656E65726174657C693A313439353730323136343B757365725F69647C733A313A2231223B757365725F66756C6C6E616D657C733A393A22E6BD98E5B08FE7868A223B757365725F6E616D657C733A353A2261646D696E223B67726F75705F69647C733A313A2231223B);
INSERT INTO `t_sys_sessions` VALUES ('d37d1cbb4c6e83a7a8006c0dd365e2ee3e37378d', '::1', '1495702573', 0x5F5F63695F6C6173745F726567656E65726174657C693A313439353730323537333B757365725F69647C733A313A2231223B757365725F66756C6C6E616D657C733A393A22E6BD98E5B08FE7868A223B757365725F6E616D657C733A353A2261646D696E223B67726F75705F69647C733A313A2231223B);
INSERT INTO `t_sys_sessions` VALUES ('3ae7ddc016dcbce8c672bccd1f30a0c17e22634f', '::1', '1495789298', 0x5F5F63695F6C6173745F726567656E65726174657C693A313439353738383938393B757365725F69647C733A313A2231223B757365725F66756C6C6E616D657C733A393A22E6BD98E5B08FE7868A223B757365725F6E616D657C733A353A2261646D696E223B67726F75705F69647C733A313A2231223B);
INSERT INTO `t_sys_sessions` VALUES ('0ff0b17d4e7c6b63b6279ff262b6aa8c8ff07cb0', '::1', '1495789672', 0x5F5F63695F6C6173745F726567656E65726174657C693A313439353738393331313B757365725F69647C733A313A2231223B757365725F66756C6C6E616D657C733A393A22E6BD98E5B08FE7868A223B757365725F6E616D657C733A353A2261646D696E223B67726F75705F69647C733A313A2231223B);
INSERT INTO `t_sys_sessions` VALUES ('a3ee8c3a19170cd576818d7f4d7db98824d7880b', '::1', '1495789847', 0x5F5F63695F6C6173745F726567656E65726174657C693A313439353738393738383B757365725F69647C733A313A2231223B757365725F66756C6C6E616D657C733A393A22E6BD98E5B08FE7868A223B757365725F6E616D657C733A353A2261646D696E223B67726F75705F69647C733A313A2231223B);
INSERT INTO `t_sys_sessions` VALUES ('f2bd7866b243f25f59a0d1193e623f7335090d12', '::1', '1495792331', 0x5F5F63695F6C6173745F726567656E65726174657C693A313439353739323236343B757365725F69647C733A313A2231223B757365725F66756C6C6E616D657C733A393A22E6BD98E5B08FE7868A223B757365725F6E616D657C733A353A2261646D696E223B67726F75705F69647C733A313A2231223B);
INSERT INTO `t_sys_sessions` VALUES ('3999c4125b04215f084581cc10adf10d1ac547e8', '::1', '1495849029', 0x5F5F63695F6C6173745F726567656E65726174657C693A313439353834393032393B);
INSERT INTO `t_sys_sessions` VALUES ('9c4e18e3b0d0d677fad520d24afdacb09159f6d8', '::1', '1495849029', 0x5F5F63695F6C6173745F726567656E65726174657C693A313439353834393032393B);
INSERT INTO `t_sys_sessions` VALUES ('eeda0a7ced492ed9347a89926c7368887d9152fa', '::1', '1495849029', 0x5F5F63695F6C6173745F726567656E65726174657C693A313439353834393032393B);
INSERT INTO `t_sys_sessions` VALUES ('04ebd873fea68b3d64e37095c41f0be004260106', '::1', '1495849029', 0x5F5F63695F6C6173745F726567656E65726174657C693A313439353834393032393B);
INSERT INTO `t_sys_sessions` VALUES ('1547eba6087a186b47530abbff9a2ff963688785', '::1', '1495849029', 0x5F5F63695F6C6173745F726567656E65726174657C693A313439353834393032393B);
INSERT INTO `t_sys_sessions` VALUES ('4b9759f1780cead409407f7cd12ac7eba43540dd', '::1', '1495849029', 0x5F5F63695F6C6173745F726567656E65726174657C693A313439353834393032393B);
INSERT INTO `t_sys_sessions` VALUES ('ced269ee3a1feb44e5762b9ba0abbede4cde70a0', '::1', '1495849029', 0x5F5F63695F6C6173745F726567656E65726174657C693A313439353834393032393B);
INSERT INTO `t_sys_sessions` VALUES ('0ada4d566947b2fdc9c10a9c3ef1545e846b592e', '::1', '1495849029', 0x5F5F63695F6C6173745F726567656E65726174657C693A313439353834393032393B);
INSERT INTO `t_sys_sessions` VALUES ('54c582caedcfa4a458265dac71ea31a3921d0411', '::1', '1495849029', 0x5F5F63695F6C6173745F726567656E65726174657C693A313439353834393032393B);
INSERT INTO `t_sys_sessions` VALUES ('711adbe461d77dbc9727f476b4c5bd622c640daf', '::1', '1495849029', 0x5F5F63695F6C6173745F726567656E65726174657C693A313439353834393032393B);
INSERT INTO `t_sys_sessions` VALUES ('cc189ed017213308cbe5312bc7094d824e4810fc', '::1', '1495849030', 0x5F5F63695F6C6173745F726567656E65726174657C693A313439353834393032393B);
INSERT INTO `t_sys_sessions` VALUES ('9976e155c5e086ae95918dd90534be741a5262ec', '::1', '1495849399', 0x5F5F63695F6C6173745F726567656E65726174657C693A313439353834393337363B757365725F69647C733A313A2231223B757365725F66756C6C6E616D657C733A393A22E6BD98E5B08FE7868A223B757365725F6E616D657C733A353A2261646D696E223B67726F75705F69647C733A313A2231223B);
INSERT INTO `t_sys_sessions` VALUES ('fc9da142cf33928ca31e4e2a520b1c928400324d', '::1', '1495850400', 0x5F5F63695F6C6173745F726567656E65726174657C693A313439353835303339393B757365725F69647C733A313A2231223B757365725F66756C6C6E616D657C733A393A22E6BD98E5B08FE7868A223B757365725F6E616D657C733A353A2261646D696E223B67726F75705F69647C733A313A2231223B);
INSERT INTO `t_sys_sessions` VALUES ('1e7af8cece7156e0460ece875a7b8fa1eefd2272', '::1', '1495850820', 0x5F5F63695F6C6173745F726567656E65726174657C693A313439353835303832303B757365725F69647C733A313A2231223B757365725F66756C6C6E616D657C733A393A22E6BD98E5B08FE7868A223B757365725F6E616D657C733A353A2261646D696E223B67726F75705F69647C733A313A2231223B);
INSERT INTO `t_sys_sessions` VALUES ('d4e3791c9e0f871563fabae64231a5cc4ccbb296', '::1', '1495867118', 0x5F5F63695F6C6173745F726567656E65726174657C693A313439353836363833383B757365725F69647C733A313A2231223B757365725F66756C6C6E616D657C733A393A22E6BD98E5B08FE7868A223B757365725F6E616D657C733A353A2261646D696E223B67726F75705F69647C733A313A2231223B);
INSERT INTO `t_sys_sessions` VALUES ('8d3b85b864d432f5be805ab749f3fd2e6a9b91b6', '::1', '1495869677', 0x5F5F63695F6C6173745F726567656E65726174657C693A313439353836393636343B757365725F69647C733A313A2231223B757365725F66756C6C6E616D657C733A393A22E6BD98E5B08FE7868A223B757365725F6E616D657C733A353A2261646D696E223B67726F75705F69647C733A313A2231223B);
INSERT INTO `t_sys_sessions` VALUES ('1be38833277a06614f45f6a98938ed3cf3aa2277', '::1', '1495875587', 0x5F5F63695F6C6173745F726567656E65726174657C693A313439353837353538303B757365725F69647C733A313A2231223B757365725F66756C6C6E616D657C733A393A22E6BD98E5B08FE7868A223B757365725F6E616D657C733A353A2261646D696E223B67726F75705F69647C733A313A2231223B);
INSERT INTO `t_sys_sessions` VALUES ('fbae1cf3745bdc6c562011283b8d2610a4a87f07', '::1', '1495878751', 0x5F5F63695F6C6173745F726567656E65726174657C693A313439353837383735313B757365725F69647C733A313A2231223B757365725F66756C6C6E616D657C733A393A22E6BD98E5B08FE7868A223B757365725F6E616D657C733A353A2261646D696E223B67726F75705F69647C733A313A2231223B);
INSERT INTO `t_sys_sessions` VALUES ('c9eb1d2ac759cd80472fb13b9c4bdae5af9dac5b', '::1', '1496198308', 0x5F5F63695F6C6173745F726567656E65726174657C693A313439363139383232343B757365725F69647C733A313A2231223B757365725F66756C6C6E616D657C733A393A22E6BD98E5B08FE7868A223B757365725F6E616D657C733A353A2261646D696E223B67726F75705F69647C733A313A2231223B);
INSERT INTO `t_sys_sessions` VALUES ('d853832121c5b56a24ffdf09fbe1f49eed7ec86c', '::1', '1496199454', 0x5F5F63695F6C6173745F726567656E65726174657C693A313439363139393434383B757365725F69647C733A313A2231223B757365725F66756C6C6E616D657C733A393A22E6BD98E5B08FE7868A223B757365725F6E616D657C733A353A2261646D696E223B67726F75705F69647C733A313A2231223B);

-- ----------------------------
-- Table structure for `t_sys_times`
-- ----------------------------
DROP TABLE IF EXISTS `t_sys_times`;
CREATE TABLE `t_sys_times` (
  `times_id` int(10) unsigned NOT NULL AUTO_INCREMENT,
  `username` varchar(45) DEFAULT NULL,
  `login_ip` char(15) DEFAULT NULL COMMENT 'ip',
  `login_time` int(10) unsigned DEFAULT NULL,
  `group_id` int(10) unsigned DEFAULT NULL,
  `failure_times` int(10) unsigned DEFAULT NULL,
  `is_admin` tinyint(1) DEFAULT NULL,
  PRIMARY KEY (`times_id`)
) ENGINE=MyISAM DEFAULT CHARSET=utf8;

-- ----------------------------
-- Records of t_sys_times
-- ----------------------------
